query,intent
Inform about travel for debit,travel_notification
Email business tax records,tax_document_request
Show checking transfer boundaries,account_transfer_limits
Change checking account nickname,account_nickname
Restrict my credit card,block_card
Show my debit rewards balance,card_rewards
Get info on checking business account,business_account_inquiry
Reset PIN for my mastercard,pin_reset
Get mastercard expiration status,card_expiration
Provide mastercard rewards details,card_rewards
Enable direct deposit to my business,direct_deposit
Settle my debit payment,payment
Appeal a business billing issue,dispute_charge
Enable direct deposit to my business,direct_deposit
Up my mastercard credit ceiling,credit_limit_increase
List savings transfer constraints,account_transfer_limits
Activate overdraft on checking,overdraft_protection
Pay off my phone,bill_payment
Set overdraft for joint,overdraft_protection
Question a joint transaction,dispute_charge
Send me savings checks,check_order
What’s the expiry of my mastercard?,card_expiration
Create a new visa PIN,pin_reset
Set up my new visa,card_activation
Add a savings goal to my business,savings_goal
Tell me my savings amount,balance
Set up checking overdraft protection,overdraft_protection
Review my joint transaction log,transaction_history
Flag a personal charge error,dispute_charge
Get a new credit card,replace_card
Send $100 to brother,transfer
Send my joint statement,account_statement
Show my credit score report,credit_score_check
Terminate my business profile,close_account
Set up direct deposit for checking,direct_deposit
Provide checking investment details,investment_options
Provide home mortgage details,mortgage_inquiry
Lock my debit immediately,block_card
Reset my debit PIN,pin_reset
See my letter status details,letter_status
Freeze my personal account,account_freeze
Explain personal business account features,business_account_inquiry
Set savings nickname,account_nickname
Get my credit score information,credit_score_check
Email savings tax records,tax_document_request
Report fraud on my personal,fraud_report
What are home mortgage rates?,mortgage_inquiry
Where is the nearest bank branch?,branch_locator
Modify my visa PIN number,pin_reset
Set up joint savings objective,savings_goal
Set a balance alert for joint,account_balance_alert
Close my business account,close_account
Set my business for direct deposit,direct_deposit
View my checking statement,account_statement
Register travel for my visa,travel_notification
Update checking with a nickname,account_nickname
Execute a savings wire transfer,wire_transfer
Cancel a pending business payment,stop_payment
Flag a business scam transaction,fraud_report
End my savings account,close_account
Replace my lost mastercard,replace_card
Modify my debit PIN number,pin_reset
What’s the status of my checking business?,business_account_inquiry
Share business mortgage information,mortgage_inquiry
Change my contact,update_info
Change my contact contact info,update_info
Check my recent personal transactions,transaction_history
Review my credit score status,credit_score_check
Set up a joint joint account,joint_account
Shut down my checking,close_account
Initiate a new business account,open_account
Create a phone recurring payment,recurring_payment
Confirm my joint setup,account_verification
Begin a personal banking account,open_account
Clear my visa balance,payment
Track my letter delivery,letter_status
Cancel a business transaction,stop_payment
Set a savings goal for my savings,savings_goal
Get cash of one hundred dollars from personal ATM,atm_withdrawal
I want to borrow for a business,loan_application
View my joint transaction details,transaction_history
Update on my letter request,letter_status
Clear my electricity dues,bill_payment
Cancel my checking account,close_account
Enable savings online banking,mobile_banking
End my personal account,close_account
Set up checking savings objective,savings_goal
Guide me with my login problem,customer_support
Raise my debit credit limit,credit_limit_increase
What are my recent checking charges?,transaction_history
Activate recurring internet payment,recurring_payment
Email business tax records,tax_document_request
Order checks for my business,check_order
Cancel a savings transaction,stop_payment
Tell me my personal amount,balance
Flag fraudulent personal activity,fraud_report
Update business with a nickname,account_nickname
Set internet payment to recur,recurring_payment
ATM withdrawal of one hundred dollars from checking,atm_withdrawal
Activate my mastercard for use,card_activation
Provide checks for business,check_order
Inform about travel for mastercard,travel_notification
Process a checking wire transfer,wire_transfer
Track business balance with alerts,account_balance_alert
Send payment for internet,bill_payment
Email my savings statement,account_statement
Apply for a car loan,loan_application
Turn on checking overdraft,overdraft_protection
Check my letter status,letter_status
Show my business total,balance
Check personal account fees,fee_inquiry
Cover my electricity charges,bill_payment
Set a travel notification for my mastercard,travel_notification
Block a personal payment,stop_payment
Open an account for savings,open_account
Expand my credit credit,credit_limit_increase
Clear my phone dues,bill_payment
What fees apply to personal?,fee_inquiry
Clear my credit balance,payment
Provide my business account statement,account_statement
Authenticate my personal,account_verification
Get fifty dollars from ATM using savings,atm_withdrawal
Request checks for my business,check_order
Modify my mastercard PIN number,pin_reset
Tell me about savings interest,interest_rates
Show my last business payments,transaction_history
Update on my letter request,letter_status
Monitor visa for block alerts,card_block_notification
Cancel a pending savings payment,stop_payment
Track credit block status,card_block_notification
Send payment for my credit,payment
Tell me my savings amount,balance
See my letter status details,letter_status
Link a joint owner to joint,joint_account
Wire one hundred dollars to sister,transfer
Inquire about my checking business account,business_account_inquiry
See my savings purchase history,transaction_history
Elevate my debit card limit,credit_limit_increase
Request a car loan,loan_application
Link a joint owner to business,joint_account
Add a electricity recurring payment,recurring_payment
Configure savings for direct deposit,direct_deposit
Clear my credit balance,payment
Provide my joint account statement,account_statement
Display my recent personal transfers,transaction_history
Confirm my debit expiration,card_expiration
Enable business overdraft feature,overdraft_protection
Clear my visa balance,payment
Give me ATM branch information,branch_locator
Appeal a joint billing issue,dispute_charge
Access my personal via app,mobile_banking
Support for my transaction issue,customer_support
Check savings investment choices,investment_options
Register for business mobile app,mobile_banking
Restrict my checking account,account_freeze
What’s the status of my letter?,letter_status
Check joint interest rates,interest_rates
List my debit rewards earnings,card_rewards
Stop payment for savings transaction,stop_payment
End my personal account,close_account
List my business account activity,transaction_history
Edit my mailing address on file,update_info
List my checking account activity,transaction_history
Adjust my email records,update_info
Enable savings balance alerts,account_balance_alert
What are the checking fees?,fee_inquiry
See my savings purchase history,transaction_history
Provide business transfer limit details,account_transfer_limits
Activate overdraft on checking,overdraft_protection
Execute a personal wire transfer,wire_transfer
Check my joint funds,balance
Block a business payment,stop_payment
Verify my savings account,account_verification
View my business transaction details,transaction_history
Alert me about credit block status,card_block_notification
Apply for a car loan,loan_application
Set overdraft for savings,overdraft_protection
Give me local bank branch information,branch_locator
Request a personal statement,account_statement
Change personal account nickname,account_nickname
Add direct deposit for savings,direct_deposit
Help me with my account,customer_support
Restrict my visa card,block_card
Alert me when joint balance changes,account_balance_alert
Update mastercard with travel plans,travel_notification
Create a internet recurring payment,recurring_payment
Tell me about personal charges,fee_inquiry
Secure my personal with a freeze,account_freeze
Notify me about savings balance,account_balance_alert
Set up personal mobile banking,mobile_banking
Set up a joint business account,joint_account
Explain joint investment opportunities,investment_options
Get a home loan,loan_application
Update business with a nickname,account_nickname
Provide personal fee details,fee_inquiry
Send me checking checks,check_order
Edit my contact on file,update_info
Explain savings rates,interest_rates
Issue checks for joint,check_order
Open an account for checking,open_account
Send one hundred dollars JPY overseas,transfer
Update business with a nickname,account_nickname
Check joint interest rates,interest_rates
Show GBP exchange details,foreign_exchange
What’s the JPY conversion rate?,foreign_exchange
List joint transfer constraints,account_transfer_limits
Terminate my checking profile,close_account
Suspend my personal account,account_freeze
Verify savings account info,account_verification
Open a new business account,open_account
Update my mailing address for the account,update_info
Confirm my letter’s progress,letter_status
Flag fraudulent joint activity,fraud_report
Question a personal transaction,dispute_charge
Explain business mortgage terms,mortgage_inquiry
Create a joint savings plan,savings_goal
Issue a replacement credit,replace_card
Locate a ATM branch,branch_locator
Up my debit credit ceiling,credit_limit_increase
Revise my contact details,update_info
Activate my debit for use,card_activation
Establish electricity recurring payment,recurring_payment
Send $200 JPY overseas,transfer
Inform about travel for mastercard,travel_notification
Update my phone number for the account,update_info
Check my personal funds,balance
Cancel a checking transaction,stop_payment
Enable direct deposit to my personal,direct_deposit
Wire fifty dollars to brother,transfer
Download my business statement,account_statement
Show personal investment plans,investment_options
Set up savings savings objective,savings_goal
Create a joint profile,open_account
Enable recurring internet payments,recurring_payment
Provide savings fee details,fee_inquiry
View my savings transaction details,transaction_history
Replace my lost visa,replace_card
Set up checking balance monitoring,account_balance_alert
Verify my credit score,credit_score_check
Locate a ATM branch,branch_locator
Check my mastercard expiration date,card_expiration
List personal transfer constraints,account_transfer_limits
Report an incorrect joint charge,dispute_charge
Deposit $50 to brother’s account,transfer
Change checking account nickname,account_nickname
What’s the expiry of my visa?,card_expiration
Activate my visa for use,card_activation
Clear my utility dues,bill_payment
Start a personal loan application,loan_application
What’s the expiry of my credit?,card_expiration
Provide joint transfer limit details,account_transfer_limits
Get my credit rewards information,card_rewards
Notify me about business balance,account_balance_alert
Issue checks for checking,check_order
Alert for business suspicious activity,fraud_report
Check details of joint business account,business_account_inquiry
What’s the expiry of my debit?,card_expiration
Set overdraft for business,overdraft_protection
Confirm my savings setup,account_verification
Authenticate my checking,account_verification
Cancel a personal transaction,stop_payment
Explain personal rates,interest_rates
Flag a joint scam transaction,fraud_report
Update my mailing address details,update_info
Set personal nickname,account_nickname
Tell me about savings interest,interest_rates
Stop my business account,close_account
Tell me about joint interest,interest_rates
Report fraud on my personal,fraud_report
Set up joint mobile banking,mobile_banking
List the savings fees,fee_inquiry
What are business mortgage rates?,mortgage_inquiry
Suspend my joint account,account_freeze
Set up a wire from business,wire_transfer
Tell me about savings interest,interest_rates
Close my checking account,close_account
Start a checking account,open_account
Activate my credit for use,card_activation
Tell me my current credit score,credit_score_check
Pull $100 from joint at ATM,atm_withdrawal
Create a personal savings plan,savings_goal
Wire fifty dollars from joint,wire_transfer
Dispute a joint transaction,dispute_charge
Verify my mastercard rewards status,card_rewards
Add a personal balance alert,account_balance_alert
Enable personal online banking,mobile_banking
Use my personal on mobile,mobile_banking
Start direct deposit to personal,direct_deposit
Send payment for electricity,bill_payment
Tell me about GBP exchange,foreign_exchange
Give me branch branch information,branch_locator
Order checks for my business,check_order
Halt a payment from my personal,stop_payment
Assist with my account concern,customer_support
Confirm my joint setup,account_verification
Flag a business scam transaction,fraud_report
Set up a recurring payment for internet,recurring_payment
Provide my savings account statement,account_statement
Stop my visa from being used,block_card
Convert JPY to dollars,foreign_exchange
Enable checking balance alerts,account_balance_alert
Set up a wire from checking,wire_transfer
Deposit $50 to friend’s account,transfer
Terminate my business profile,close_account
What’s the JPY conversion rate?,foreign_exchange
Check details of personal business account,business_account_inquiry
Register travel for my debit,travel_notification
Provide car mortgage details,mortgage_inquiry
What’s the expiry of my visa?,card_expiration
Share checking transfer limit info,account_transfer_limits
Stop my visa from being used,block_card
Use my business on mobile,mobile_banking
I need a new credit card,replace_card
Alert for checking suspicious activity,fraud_report
Enable overdraft for my joint,overdraft_protection
Plan a savings goal for joint,savings_goal
Set up direct deposit for business,direct_deposit
Extract one hundred dollars via ATM for joint,atm_withdrawal
Activate my credit for use,card_activation
Link a joint owner to business,joint_account
Withdraw $50 from ATM for business,atm_withdrawal
Apply for car financing,loan_application
I need assistance with my transaction,customer_support
Provide joint rate details,interest_rates
What’s the status of my letter?,letter_status
Process a phone bill payment,bill_payment
Pull $100 from joint at ATM,atm_withdrawal
View my savings statement,account_statement
What’s the balance for my personal?,balance
Extend my debit credit allowance,credit_limit_increase
What’s the EUR conversion rate?,foreign_exchange
Contest a savings charge,dispute_charge
Register travel for my debit,travel_notification
Make a visa payment,payment
Report a fraudulent personal charge,fraud_report
Take out one hundred dollars at ATM from joint,atm_withdrawal
Check my mastercard rewards,card_rewards
Alert for business suspicious activity,fraud_report
Cancel my checking account,close_account
Track my letter delivery,letter_status
Guide me with my transaction problem,customer_support
Add a joint owner to my business,joint_account
Start a personal loan application,loan_application
Get info on car mortgage,mortgage_inquiry
Cancel my lost debit,block_card
View my checking transaction details,transaction_history
Open a new business account,open_account
Block my mastercard card,block_card
Support for my login issue,customer_support
Resolve my transaction issue,customer_support
Flag a checking scam transaction,fraud_report
Cancel a checking transaction,stop_payment
Modify my mailing address information,update_info
Modify my debit PIN number,pin_reset
Create a joint balance notification,account_balance_alert
Set overdraft for business,overdraft_protection
Dispute a checking fee,dispute_charge
Enable business mobile services,mobile_banking
Dispute a checking transaction,dispute_charge
Set a balance alert for joint,account_balance_alert
Start direct deposit to business,direct_deposit
ATM withdrawal of fifty dollars from joint,atm_withdrawal
Report an incorrect personal charge,dispute_charge
Send payment for my debit,payment
Set up personal overdraft protection,overdraft_protection
Restrict my mastercard card,block_card
Change my credit PIN,pin_reset
Tell me about credit rewards,card_rewards
Initialize my visa card,card_activation
Request a checking statement,account_statement
Check business transfer restrictions,account_transfer_limits
Stop a check on my business,stop_payment
Inform about travel for debit,travel_notification
Issue checks for savings,check_order
Cancel my joint account,close_account
Secure my credit due to theft,block_card
Set a visa block notification,card_block_notification
Enable direct deposit to my business,direct_deposit
Request tax documents for joint,tax_document_request
What are my checking investment options?,investment_options
Process a savings wire transfer,wire_transfer
List the business fees,fee_inquiry
Block a checking payment,stop_payment
Provide debit expiry date,card_expiration
List personal transfer constraints,account_transfer_limits
Disable my stolen credit,block_card
Track visa block status,card_block_notification
Check my recent savings transactions,transaction_history
Create a joint joint profile,joint_account
Secure my debit due to theft,block_card
Alert me when checking balance changes,account_balance_alert
Issue business tax forms,tax_document_request
Set up a recurring payment for utility,recurring_payment
Stop payment for savings transaction,stop_payment
Verify mastercard expiration details,card_expiration
Edit my email on file,update_info
Prevent a savings payment,stop_payment
Clear my electricity dues,bill_payment
Get a checkbook for personal,check_order
Flag a checking charge error,dispute_charge
Change my email,update_info
Verify my credit score,credit_score_check
Provide GBP forex rates,foreign_exchange
Explain joint transfer rules,account_transfer_limits
Update savings with a nickname,account_nickname
Set business as joint account,joint_account
Tell me about personal mortgage options,mortgage_inquiry
Give me my joint status,balance
Set up a recurring payment for electricity,recurring_payment
Track my letter delivery,letter_status
Create a joint business profile,joint_account
Notify me if my credit is blocked,card_block_notification
Get credit expiration status,card_expiration
Establish a joint savings,joint_account
What are personal transfer limits?,account_transfer_limits
Open an account for business,open_account
Check savings account fees,fee_inquiry
Challenge a business payment,dispute_charge
Execute a joint wire transfer,wire_transfer
Link personal to direct deposit,direct_deposit
Enable savings overdraft feature,overdraft_protection
Modify my debit PIN number,pin_reset
Explain savings business account features,business_account_inquiry
Provide debit rewards details,card_rewards
Raise a personal fraud concern,fraud_report
Block my mastercard card,block_card
Give me my checking status,balance
What are the joint fees?,fee_inquiry
Provide business transfer limit details,account_transfer_limits
Share my joint transaction statement,account_statement
Freeze my business account,account_freeze
Schedule recurring electricity payments,recurring_payment
Add a joint owner to my joint,joint_account
Share checking investment info,investment_options
Suspend my checking account,account_freeze
Get my visa rewards information,card_rewards
Start a personal loan application,loan_application
Convert JPY to dollars,foreign_exchange
Elevate my credit card limit,credit_limit_increase
Share joint transfer limit info,account_transfer_limits
Update my visa PIN code,pin_reset
Flag fraudulent savings activity,fraud_report
Create a joint checking profile,joint_account
Check car mortgage availability,mortgage_inquiry
Provide visa expiry date,card_expiration
Tell me about bank branch addresses,branch_locator
Activate overdraft on business,overdraft_protection
I need assistance with my login,customer_support
What are EUR rates today?,foreign_exchange
Transfer $50 to my business,transfer
Verify my credit rewards status,card_rewards
What’s the balance for my business?,balance
Add a travel alert for my credit,travel_notification
Provide business fee details,fee_inquiry
Add a internet recurring payment,recurring_payment
Create a joint savings profile,joint_account
Where is the nearest ATM branch?,branch_locator
Enable joint overdraft feature,overdraft_protection
Convert USD to dollars,foreign_exchange
What are the business interest rates?,interest_rates
Alert bank about credit travel,travel_notification
Set visa travel notice,travel_notification
Apply for a home loan,loan_application
Check joint interest rates,interest_rates
Restrict my personal account,account_freeze
Share my savings transaction statement,account_statement
Display my recent checking transfers,transaction_history
Register travel for my visa,travel_notification
Give me JPY forex info,foreign_exchange
Show my credit score report,credit_score_check
Email my checking statement,account_statement
Show personal business account details,business_account_inquiry
Modify my mastercard PIN number,pin_reset
Explain joint transfer rules,account_transfer_limits
Get tax documents for my joint,tax_document_request
Validate my checking profile,account_verification
Open an account for personal,open_account
Show me branch branch locations,branch_locator
How much money is in my business?,balance
Notify about a joint fraud,fraud_report
Set a new credit PIN,pin_reset
Start direct deposit to business,direct_deposit
What are the business interest rates?,interest_rates
Pay my mastercard bill,payment
Stop a payment on my personal,stop_payment
Verify my business balance,balance
Block a personal payment,stop_payment
Show me local bank branch locations,branch_locator
Lock my credit immediately,block_card
Start a savings goal on personal,savings_goal
What are my savings investment options?,investment_options
Tell me my current credit score,credit_score_check
Add a joint owner to my savings,joint_account
Track my letter delivery,letter_status
Set joint as joint account,joint_account
Send a wire transfer to family,wire_transfer
Show my mastercard rewards balance,card_rewards
Guide me with my transaction problem,customer_support
What’s the status of my letter?,letter_status
Alert me when checking balance changes,account_balance_alert
Tell me about business interest,interest_rates
Verify my joint balance,balance
Activate my new mastercard,card_activation
Raise my visa credit limit,credit_limit_increase
Clear my phone dues,bill_payment
Set a balance alert for business,account_balance_alert
Challenge a business payment,dispute_charge
Give me my personal status,balance
Show mastercard expiry information,card_expiration
Check joint interest rates,interest_rates
Download joint tax documents,tax_document_request
What are my mastercard reward points?,card_rewards
Request a savings statement,account_statement
Pull one hundred dollars from checking at ATM,atm_withdrawal
Challenge a checking payment,dispute_charge
Activate joint mobile access,mobile_banking
Pay my utility bill,bill_payment
Get info on personal mortgage,mortgage_inquiry
Give me branch branch information,branch_locator
Set a mastercard block notification,card_block_notification
Execute a personal wire transfer,wire_transfer
Update my mastercard PIN code,pin_reset
Send payment for internet,bill_payment
What are my recent checking charges?,transaction_history
Download my business statement,account_statement
Process my visa monthly payment,payment
What’s the interest for personal?,interest_rates
Boost my credit spending limit,credit_limit_increase
Block a personal payment,stop_payment
Raise my debit credit limit,credit_limit_increase
Get a new visa card,replace_card
Freeze my savings account,account_freeze
Question a personal transaction,dispute_charge
Show my mastercard rewards balance,card_rewards
Show savings business account details,business_account_inquiry
Alert for joint suspicious activity,fraud_report
Assign a nickname to checking,account_nickname
Get my savings monthly statement,account_statement
Use my joint on mobile,mobile_banking
Flag a checking scam transaction,fraud_report
Renew my credit PIN,pin_reset
Provide visa rewards details,card_rewards
Show GBP exchange details,foreign_exchange
Issue a replacement visa,replace_card
Check personal transfer restrictions,account_transfer_limits
Check my letter status,letter_status
Replace my lost credit,replace_card
Process a utility bill payment,bill_payment
Get my credit score information,credit_score_check
Email my savings statement,account_statement
Cancel a checking transaction,stop_payment
I need assistance with my account,customer_support
Appeal a joint billing issue,dispute_charge
Halt a payment from my joint,stop_payment
Share savings transfer limit info,account_transfer_limits
Send me a new visa,replace_card
Explain joint fee structure,fee_inquiry
Activate recurring electricity payment,recurring_payment
Set up a recurring payment for utility,recurring_payment
Take out $200 at ATM from personal,atm_withdrawal
Revise my phone number details,update_info
Check checking account fees,fee_inquiry
Resolve my card issue,customer_support
Verify joint account info,account_verification
Set a nickname for my savings,account_nickname
Adjust my contact records,update_info
Set a savings goal for my business,savings_goal
Locate a bank branch,branch_locator
Check GBP exchange rates,foreign_exchange
Convert GBP to dollars,foreign_exchange
ATM withdrawal of $50 from checking,atm_withdrawal
What is my joint balance?,balance
Confirm my visa expiration,card_expiration
Create a joint profile,open_account
Flag a personal charge error,dispute_charge
Start a joint account,open_account
Create a savings balance notification,account_balance_alert
Show my personal total,balance
Download my personal statement,account_statement
Adjust my email records,update_info
Show my visa rewards balance,card_rewards
Order a replacement visa,replace_card
Apply for personal financing,loan_application
Get my credit score information,credit_score_check
List my joint account activity,transaction_history
Transfer $100 to my joint,transfer
Elevate my debit card limit,credit_limit_increase
Revise my email details,update_info
Extend my mastercard credit allowance,credit_limit_increase
Show checking investment plans,investment_options
Enable mastercard block alerts,card_block_notification
Tell me about my checking business profile,business_account_inquiry
Provide a new mastercard,replace_card
Request a personal loan,loan_application
Send debit block notifications,card_block_notification
Shut down my business,close_account
Verify my business account,account_verification
Verify savings account info,account_verification
Activate direct deposit on checking,direct_deposit
Link a joint owner to joint,joint_account
Process my credit monthly payment,payment
ATM withdrawal of one hundred dollars from personal,atm_withdrawal
Create a personal profile,open_account
Shut down my personal,close_account
Send me personal checks,check_order
Reset PIN for my credit,pin_reset
Cover my utility charges,bill_payment
Get new checks for personal,check_order
What are my credit reward points?,card_rewards
Send credit block notifications,card_block_notification
Set a nickname for my savings,account_nickname
Tell me my current credit score,credit_score_check
Stop my business account,close_account
Check joint investment choices,investment_options
Pay off my electricity,bill_payment
Provide savings rate details,interest_rates
Show my credit score report,credit_score_check
Provide car mortgage details,mortgage_inquiry
Turn on my visa card,card_activation
Verify my letter processing,letter_status
Set a credit block notification,card_block_notification
Turn on my visa card,card_activation
Include a co-owner for savings,joint_account
Withdraw $200 at ATM for personal,atm_withdrawal
Explain savings business account features,business_account_inquiry
Get fifty dollars from ATM using business,atm_withdrawal
Locate a bank branch,branch_locator
What fees apply to personal?,fee_inquiry
Activate overdraft on business,overdraft_protection
End my personal account,close_account
Transfer funds to my personal,transfer
Enable joint balance alerts,account_balance_alert
Provide JPY forex rates,foreign_exchange
Check if my letter was sent,letter_status
Set internet payment to recur,recurring_payment
Get new checks for personal,check_order
Set up a wire from checking,wire_transfer
Apply for a business loan,loan_application
Challenge a checking payment,dispute_charge
Review my business transaction log,transaction_history
List my personal account activity,transaction_history
Set up checking mobile banking,mobile_banking
Set up direct deposit for savings,direct_deposit
Inquire about a business mortgage,mortgage_inquiry
Tell me about my business business profile,business_account_inquiry
Provide my credit score details,credit_score_check
Activate my new mastercard,card_activation
Create a personal savings plan,savings_goal
Turn on personal overdraft,overdraft_protection
What are business mortgage rates?,mortgage_inquiry
Extend my credit credit allowance,credit_limit_increase
Move fifty dollars to my personal account,transfer
Notify me about personal balance,account_balance_alert
Send $100 GBP overseas,transfer
Turn on my debit card,card_activation
Provide home mortgage details,mortgage_inquiry
Update on my letter request,letter_status
Pause my personal activity,account_freeze
Add a electricity recurring payment,recurring_payment
Tell me about personal investments,investment_options
Check personal investment choices,investment_options
Establish a savings savings target,savings_goal
Create a internet recurring payment,recurring_payment
Tell me about savings transfer caps,account_transfer_limits
Get debit expiration status,card_expiration
Make a internet payment,bill_payment
Report an incorrect business charge,dispute_charge
Execute a checking wire transfer,wire_transfer
Create a new credit PIN,pin_reset
Extend my debit credit allowance,credit_limit_increase
What are the checking interest rates?,interest_rates
Turn on my debit card,card_activation
Request a savings statement,account_statement
Stop a check on my joint,stop_payment
Pay my electricity bill,bill_payment
Deactivate my joint account,close_account
Send my joint tax forms,tax_document_request
What are my recent savings charges?,transaction_history
Start a savings account,open_account
Update on my letter request,letter_status
Update on my letter request,letter_status
Apply for car financing,loan_application
Modify my visa PIN number,pin_reset
Initiate a new checking account,open_account
Send debit block notifications,card_block_notification
Start a home loan application,loan_application
Set a balance alert for business,account_balance_alert
Provide a new debit,replace_card
Shut down my business,close_account
Clear my debit balance,payment
Wire one hundred dollars to brother,transfer
Configure joint for direct deposit,direct_deposit
Report an incorrect personal charge,dispute_charge
Alert me when joint balance changes,account_balance_alert
Inform me when credit is restricted,card_block_notification
Add a utility recurring payment,recurring_payment
View my business statement,account_statement
Provide savings rate details,interest_rates
Extend my visa credit allowance,credit_limit_increase
I need a new debit card,replace_card
Review my credit score status,credit_score_check
Add overdraft to my joint,overdraft_protection
Show business business account details,business_account_inquiry
Display my recent personal transfers,transaction_history
Add someone to my personal account,joint_account
Wire fifty dollars from checking,wire_transfer
Issue checks for checking,check_order
Activate recurring internet payment,recurring_payment
Get cash of one hundred dollars from checking ATM,atm_withdrawal
Explain personal business account features,business_account_inquiry
Track personal balance with alerts,account_balance_alert
Update credit with travel plans,travel_notification
Explain personal business account features,business_account_inquiry
What are my recent personal charges?,transaction_history
Create a utility recurring payment,recurring_payment
Issue checks for savings,check_order
Get $200 from ATM using personal,atm_withdrawal
Freeze my business account,account_freeze
Report a fraudulent joint charge,fraud_report
Set a new credit PIN,pin_reset
I need a new debit card,replace_card
Terminate my savings profile,close_account
Cover my electricity charges,bill_payment
Share checking investment info,investment_options
What fees apply to business?,fee_inquiry
View my joint transaction details,transaction_history
Flag fraudulent business activity,fraud_report
Get my joint monthly statement,account_statement
What’s the status of my letter?,letter_status
Enable overdraft for my business,overdraft_protection
Explain personal investment opportunities,investment_options
Confirm my joint details,account_verification
What are my recent savings charges?,transaction_history
Pause my joint activity,account_freeze
Schedule recurring phone payments,recurring_payment
Raise a business fraud concern,fraud_report
Give me business interest details,interest_rates
Send $50 EUR overseas,transfer
Start direct deposit to savings,direct_deposit
Disable my stolen visa,block_card
Validate my personal profile,account_verification
Alert bank about visa travel,travel_notification
Check if my letter was sent,letter_status
Update my mailing address for the account,update_info
Get tax documents for my personal,tax_document_request
Enable checking online banking,mobile_banking
Where is the nearest ATM branch?,branch_locator
Confirm my savings setup,account_verification
Register for joint mobile app,mobile_banking
Add a nickname to my business,account_nickname
Plan a savings goal for personal,savings_goal
Check personal interest rates,interest_rates
Withdraw $100 at ATM for joint,atm_withdrawal
What are savings transfer limits?,account_transfer_limits
Set up a joint account,open_account
I want to borrow for a business,loan_application
Get my business monthly statement,account_statement
How much money is in my joint?,balance
Reset PIN for my visa,pin_reset
Aid with my card error,customer_support
Add a joint owner to my business,joint_account
Locate a bank branch,branch_locator
Restrict my savings account,account_freeze
Provide a new mastercard,replace_card
Establish phone recurring payment,recurring_payment
Confirm my letter’s progress,letter_status
Track my letter delivery,letter_status
Transfer fifty dollars to my savings,transfer
Show me bank branch locations,branch_locator
ATM withdrawal of $200 from business,atm_withdrawal
Monitor debit for block alerts,card_block_notification
Get a personal loan,loan_application
Establish a checking account,open_account
Question a checking transaction,dispute_charge
Change my phone number contact info,update_info
Settle my mastercard payment,payment
Enable debit block alerts,card_block_notification
Flag fraudulent joint activity,fraud_report
Disable my stolen visa,block_card
Verify my business balance,balance
Convert EUR to dollars,foreign_exchange
Set up personal app banking,mobile_banking
Provide checking business account info,business_account_inquiry
Lock my savings temporarily,account_freeze
Cover my utility charges,bill_payment
Create a joint profile,open_account
Submit a business loan request,loan_application
Get my joint monthly statement,account_statement
Stop a check on my business,stop_payment
Tell me about business interest,interest_rates
What are my debit reward points?,card_rewards
Start using my credit,card_activation
Update on my letter request,letter_status
Create a joint personal profile,joint_account
Share checking fee information,fee_inquiry
Deposit fifty dollars to sister’s account,transfer
Inquire about a personal mortgage,mortgage_inquiry
Activate savings mobile access,mobile_banking
Show me branch branch locations,branch_locator
Link a joint owner to personal,joint_account
Request tax documents for business,tax_document_request
Provide savings business account info,business_account_inquiry
Transfer one hundred dollars via wire to sister,wire_transfer
Send me a new debit,replace_card
What’s the status of my checking business?,business_account_inquiry
Edit my address on file,update_info
Check personal transfer restrictions,account_transfer_limits
Take out fifty dollars at ATM from checking,atm_withdrawal
What are my mastercard reward points?,card_rewards
Secure my debit due to theft,block_card
Provide home mortgage details,mortgage_inquiry
Create a savings balance notification,account_balance_alert
Access my checking via app,mobile_banking
Notify me about checking balance,account_balance_alert
Inform about travel for debit,travel_notification
Add a joint owner to my checking,joint_account
Show my last personal payments,transaction_history
Stop my checking account,close_account
Pay off my utility,bill_payment
Explain checking transfer rules,account_transfer_limits
Send payment for my credit,payment
Check if my letter was sent,letter_status
Execute a checking wire transfer,wire_transfer
Give me ATM branch information,branch_locator
Check personal account fees,fee_inquiry
Pay my debit bill,payment
Enable savings online banking,mobile_banking
Use my checking on mobile,mobile_banking
Send a wire transfer to brother,wire_transfer
Stop my checking account,close_account
Enable joint overdraft feature,overdraft_protection
Modify personal account name,account_nickname
Pause my personal activity,account_freeze
What fees apply to joint?,fee_inquiry
Create a joint savings profile,joint_account
Notify about a joint fraud,fraud_report
Set a new credit PIN,pin_reset
Stop a payment on my joint,stop_payment
Set up a joint account,open_account
Tell me when my debit expires,card_expiration
Show business transfer boundaries,account_transfer_limits
Explain joint investment opportunities,investment_options
Share personal investment info,investment_options
Transfer $100 via wire to contact,wire_transfer
Put a hold on my savings,account_freeze
Assist with my billing concern,customer_support
Adjust my address records,update_info
Ensure my personal is active,account_verification
Initiate a wire transfer from personal,wire_transfer
Change my phone number,update_info
Get fifty dollars from ATM using joint,atm_withdrawal
Deposit $100 to sister’s account,transfer
Send wire transfer from business,wire_transfer
Update on my letter request,letter_status
Execute a personal wire transfer,wire_transfer
Explain business transfer rules,account_transfer_limits
Download my joint statement,account_statement
Assist with my billing concern,customer_support
Start a personal loan application,loan_application
Clear my phone dues,bill_payment
What is my credit score?,credit_score_check
Assign a nickname to joint,account_nickname
Set a nickname for my joint,account_nickname
Create a business profile,open_account
Verify my credit score,credit_score_check
Check my recent savings transactions,transaction_history
Monitor visa for block alerts,card_block_notification
What are my recent checking charges?,transaction_history
Order a replacement visa,replace_card
List local bank branch details,branch_locator
Ensure my joint is active,account_verification
Send me a new debit,replace_card
Provide joint transfer limit details,account_transfer_limits
Set overdraft for business,overdraft_protection
Provide joint tax statements,tax_document_request
Create a joint profile,open_account
Stop my mastercard from being used,block_card
Contest a savings charge,dispute_charge
Notify me if my debit is blocked,card_block_notification
Resolve my account issue,customer_support
Check checking investment choices,investment_options
Check if my letter was sent,letter_status
Validate my checking profile,account_verification
Issue a replacement mastercard,replace_card
What’s the status of my checking business?,business_account_inquiry
Tell me my current credit score,credit_score_check
Execute a joint wire transfer,wire_transfer
Check personal mortgage availability,mortgage_inquiry
Check my joint funds,balance
Tell me about personal mortgage options,mortgage_inquiry
Stop transactions on my business,account_freeze
Check checking investment choices,investment_options
Flag fraudulent joint activity,fraud_report
What are my joint investment options?,investment_options
Apply for business financing,loan_application
What are my visa reward points?,card_rewards
Pay off my phone,bill_payment
Set credit travel notice,travel_notification
Share joint investment info,investment_options
Display my recent savings transfers,transaction_history
Check my credit expiration date,card_expiration
Tell me about car mortgage options,mortgage_inquiry
Apply for a business loan,loan_application
Stop a check on my joint,stop_payment
Disable my stolen credit,block_card
Initiate a wire transfer from checking,wire_transfer
Apply for a business loan,loan_application
Activate direct deposit on savings,direct_deposit
Set up direct deposit for checking,direct_deposit
Resolve my account issue,customer_support
Pay my credit bill,payment
Transfer $50 to my business,transfer
Show personal transfer boundaries,account_transfer_limits
Inquire about my joint business account,business_account_inquiry
Stop a check on my business,stop_payment
Issue checks for checking,check_order
Share savings investment info,investment_options
Add a business balance alert,account_balance_alert
Start direct deposit to personal,direct_deposit
Verify my credit rewards status,card_rewards
Process a checking wire transfer,wire_transfer
Report a joint unauthorized charge,fraud_report
Get a checkbook for checking,check_order
Provide debit rewards details,card_rewards
Tell me about branch branch addresses,branch_locator
Initiate a wire transfer from personal,wire_transfer
Configure savings for direct deposit,direct_deposit
Configure business for direct deposit,direct_deposit
Tell me about car mortgage options,mortgage_inquiry
View my joint transaction details,transaction_history
Extract $200 via ATM for personal,atm_withdrawal
Take out fifty dollars at ATM from business,atm_withdrawal
Get tax documents for my savings,tax_document_request
Add overdraft to my personal,overdraft_protection
Confirm my credit expiration,card_expiration
Notify me if my visa is blocked,card_block_notification
ATM withdrawal of one hundred dollars from personal,atm_withdrawal
Put a hold on my savings,account_freeze
Open a new joint account,open_account
Review my credit score status,credit_score_check
Provide savings transfer limit details,account_transfer_limits
Assist with my card concern,customer_support
Flag a checking charge error,dispute_charge
Make a electricity payment,bill_payment
Send my business statement,account_statement
Submit a personal loan request,loan_application
Set credit travel notice,travel_notification
Assist with my card concern,customer_support
Download my savings statement,account_statement
Add a nickname to my personal,account_nickname
Verify my credit score,credit_score_check
Transfer fifty dollars to my personal,transfer
Cover my phone charges,bill_payment
Apply for car financing,loan_application
Enable direct deposit to my checking,direct_deposit
Confirm my debit expiration,card_expiration
Verify visa expiration details,card_expiration
Start a savings goal on checking,savings_goal
Start direct deposit to checking,direct_deposit
Register travel for my mastercard,travel_notification
Lock my visa immediately,block_card
Flag fraudulent personal activity,fraud_report
Replace my lost credit,replace_card
Set credit travel notice,travel_notification
Explain checking fee structure,fee_inquiry
Enable overdraft for my savings,overdraft_protection
Activate recurring utility payment,recurring_payment
List local bank branch details,branch_locator
Review my business transaction log,transaction_history
Add a travel alert for my mastercard,travel_notification
End my personal account,close_account
Set checking as joint account,joint_account
Check savings transfer restrictions,account_transfer_limits
Halt a payment from my business,stop_payment
Report a checking unauthorized charge,fraud_report
Track business balance with alerts,account_balance_alert
Report a fraudulent business charge,fraud_report
What are personal transfer limits?,account_transfer_limits
Close my savings account,close_account
What’s the JPY conversion rate?,foreign_exchange
Establish a joint business,joint_account
Set a new debit PIN,pin_reset
Provide USD forex rates,foreign_exchange
Stop my credit from being used,block_card
Tell me my business amount,balance
Add a travel alert for my debit,travel_notification
Provide my credit score details,credit_score_check
Increase my debit limit,credit_limit_increase
Revise my phone number details,update_info
Stop my joint account,close_account
Up my credit credit ceiling,credit_limit_increase
What is my savings balance?,balance
Provide mastercard expiry date,card_expiration
What is my credit score?,credit_score_check
Dispute a business fee,dispute_charge
Extend my debit credit allowance,credit_limit_increase
Check personal investment choices,investment_options
Pay off my debit dues,payment
Start a savings goal on business,savings_goal
Display my recent personal transfers,transaction_history
Give my business a nickname,account_nickname
Show mastercard expiry information,card_expiration
Tell me when my credit expires,card_expiration
I need assistance with my card,customer_support
Tell me about credit rewards,card_rewards
Revise my email details,update_info
Block a business payment,stop_payment
Convert GBP to dollars,foreign_exchange
What’s the balance for my savings?,balance
Set up personal mobile banking,mobile_banking
List savings investment products,investment_options
Provide personal mortgage details,mortgage_inquiry
Tell me about local bank branch addresses,branch_locator
Share checking interest info,interest_rates
Flag a savings charge error,dispute_charge
Notify about a personal fraud,fraud_report
Enable overdraft for my personal,overdraft_protection
Tell me about business investments,investment_options
Extend my mastercard credit allowance,credit_limit_increase
Help me with my transaction,customer_support
Expand my mastercard credit,credit_limit_increase
Check EUR exchange rates,foreign_exchange
Turn on my visa card,card_activation
What are my recent checking charges?,transaction_history
Check savings interest rates,interest_rates
Execute a joint wire transfer,wire_transfer
Stop my personal account,close_account
Get info on checking business account,business_account_inquiry
Email savings tax records,tax_document_request
Help me with my transaction,customer_support
Email my savings statement,account_statement
Verify my business account,account_verification
Notify me if my debit is blocked,card_block_notification
Close out my personal banking,close_account
Order a replacement credit,replace_card
Deactivate my checking account,close_account
Inform me when visa is restricted,card_block_notification
Give me checking interest details,interest_rates
Explain personal rates,interest_rates
Suspend my joint account,account_freeze
Notify me about personal balance,account_balance_alert
Check savings transfer restrictions,account_transfer_limits
Issue a replacement credit,replace_card
Provide my credit score details,credit_score_check
Set a mastercard block notification,card_block_notification
Use my savings on mobile,mobile_banking
Plan a savings goal for personal,savings_goal
Pay off my utility,bill_payment
Increase my debit limit,credit_limit_increase
Start direct deposit to business,direct_deposit
Issue a replacement visa,replace_card
Give me my business status,balance
Provide checks for joint,check_order
Request tax documents for joint,tax_document_request
Stop transactions on my business,account_freeze
Give me my business status,balance
Increase my visa limit,credit_limit_increase
Share business mortgage information,mortgage_inquiry
Send me business checks,check_order
Get info on business business account,business_account_inquiry
Set up a business account,open_account
Authenticate my personal,account_verification
Find a branch branch near me,branch_locator
Replace my lost visa,replace_card
Expand my debit credit,credit_limit_increase
List my business account activity,transaction_history
Confirm my personal details,account_verification
What’s the status of my letter?,letter_status
Tell me when my visa expires,card_expiration
Take out $200 at ATM from checking,atm_withdrawal
Confirm my personal details,account_verification
Make my mastercard active,card_activation
Send a wire transfer to friend,wire_transfer
Cover my phone charges,bill_payment
Clear my credit balance,payment
Get my credit score information,credit_score_check
Set up direct deposit for joint,direct_deposit
Provide my personal account statement,account_statement
Settle my mastercard payment,payment
Raise a checking fraud concern,fraud_report
Alert me when checking balance changes,account_balance_alert
Share joint tax paperwork,tax_document_request
Expand my credit credit,credit_limit_increase
Secure my personal with a freeze,account_freeze
Assign a nickname to joint,account_nickname
I want to borrow for a home,loan_application
Provide joint rate details,interest_rates
Update my phone number details,update_info
Inquire about my checking business account,business_account_inquiry
Add a savings goal to my checking,savings_goal
Boost my credit spending limit,credit_limit_increase
Get my personal monthly statement,account_statement
Set up personal savings objective,savings_goal
Issue personal tax forms,tax_document_request
Enable direct deposit to my joint,direct_deposit
Set a savings goal for my joint,savings_goal
Authenticate my savings,account_verification
Modify my contact information,update_info
Suspend my business account,account_freeze
Cancel my checking account,close_account
What are GBP rates today?,foreign_exchange
Make a electricity payment,bill_payment
Initialize my credit card,card_activation
Provide checks for checking,check_order
Monitor credit for block alerts,card_block_notification
Withdraw one hundred dollars at ATM for business,atm_withdrawal
Tell me about home mortgage options,mortgage_inquiry
Send my savings statement,account_statement
Verify my checking balance,balance
Turn on my mastercard card,card_activation
Authenticate my checking,account_verification
Set my joint for direct deposit,direct_deposit
Tell me about EUR exchange,foreign_exchange
Show debit expiry information,card_expiration
Suspend my business account,account_freeze
Stop my visa from being used,block_card
Send mastercard block notifications,card_block_notification
Issue checks for checking,check_order
Flag a checking scam transaction,fraud_report
Provide business transfer limit details,account_transfer_limits
Send me a new visa,replace_card
What are USD rates today?,foreign_exchange
Verify credit expiration details,card_expiration
Deposit one hundred dollars to family’s account,transfer
Guide me with my transaction problem,customer_support
Report fraud on my joint,fraud_report
Inquire about a home mortgage,mortgage_inquiry
Send debit block notifications,card_block_notification
Change my visa PIN,pin_reset
Send wire transfer from savings,wire_transfer
Initialize my mastercard card,card_activation
Take out $50 at ATM from savings,atm_withdrawal
What’s the status of my letter?,letter_status
Set a savings goal for my savings,savings_goal
Set up business app banking,mobile_banking
Provide USD forex rates,foreign_exchange
Set up checking app banking,mobile_banking
Check my credit rewards,card_rewards
Add a nickname to my joint,account_nickname
Explain savings fee structure,fee_inquiry
Request tax documents for personal,tax_document_request
I need a new visa card,replace_card
Transfer one hundred dollars to my business,transfer
Report fraud on my business,fraud_report
Check my letter status,letter_status
Create a joint savings plan,savings_goal
Set up my new mastercard,card_activation
Start a business account,open_account
Email business tax records,tax_document_request
Set a nickname for my savings,account_nickname
Support for my account issue,customer_support
Set business nickname,account_nickname
Check my letter status,letter_status
Show savings investment plans,investment_options
Set up a checking account,open_account
Confirm my joint details,account_verification
Pay my electricity bill,bill_payment
Inquire about my checking business account,business_account_inquiry
What are business mortgage rates?,mortgage_inquiry
Change my contact contact info,update_info
Explain personal mortgage terms,mortgage_inquiry
Pay off my phone,bill_payment
Activate joint mobile access,mobile_banking
Authenticate my joint,account_verification
Alert me about debit block status,card_block_notification
Authenticate my business,account_verification
Pause my checking activity,account_freeze
Support for my login issue,customer_support
Start direct deposit to business,direct_deposit
Convert GBP to dollars,foreign_exchange
Guide me with my billing problem,customer_support
Locate a branch branch,branch_locator
Notify travel plans for visa,travel_notification
Schedule recurring electricity payments,recurring_payment
Report an incorrect personal charge,dispute_charge
Activate my new debit,card_activation
Provide my credit score details,credit_score_check
Give me USD forex info,foreign_exchange
Stop a payment on my business,stop_payment
Get a new credit card,replace_card
Report fraud on my checking,fraud_report
Initialize my credit card,card_activation
Freeze my business account,account_freeze
Secure my debit due to theft,block_card
What’s the balance for my joint?,balance
Add a internet recurring payment,recurring_payment
Increase my debit limit,credit_limit_increase
Enable overdraft for my business,overdraft_protection
Stop my credit from being used,block_card
Inquire about a car mortgage,mortgage_inquiry
Execute a joint wire transfer,wire_transfer
Change my visa PIN,pin_reset
Get my credit rewards information,card_rewards
Set a balance alert for business,account_balance_alert
Notify me about joint balance,account_balance_alert
Register for joint mobile app,mobile_banking
Update savings with a nickname,account_nickname
What’s the interest for personal?,interest_rates
What are my joint investment options?,investment_options
Show business business account details,business_account_inquiry
Initialize my mastercard card,card_activation
Show savings investment plans,investment_options
Help with my billing query,customer_support
Give my checking a nickname,account_nickname
Make my debit active,card_activation
Change joint account nickname,account_nickname
Give me JPY forex info,foreign_exchange
Provide my credit score details,credit_score_check
Modify business account name,account_nickname
Lock my savings temporarily,account_freeze
What’s the balance for my savings?,balance
What fees apply to business?,fee_inquiry
Withdraw $100 from ATM for business,atm_withdrawal
Activate overdraft on savings,overdraft_protection
Assist with my account concern,customer_support
Settle my debit payment,payment
Tell me about checking charges,fee_inquiry
Issue business tax forms,tax_document_request
Pay off my credit dues,payment
Report an incorrect savings charge,dispute_charge
Check my credit expiration date,card_expiration
Inquire about my joint business account,business_account_inquiry
Initiate a wire transfer from checking,wire_transfer
Modify my contact information,update_info
Change my contact,update_info
Check my debit expiration date,card_expiration
Start using my debit,card_activation
Disable my stolen credit,block_card
Explain personal investment opportunities,investment_options
Ensure my joint is active,account_verification
Verify my mastercard rewards status,card_rewards
Email my business statement,account_statement
I need assistance with my account,customer_support
Get a checkbook for checking,check_order
Turn on my mastercard card,card_activation
Stop my debit from being used,block_card
Explain business business account features,business_account_inquiry
Modify my visa PIN number,pin_reset
Contest a checking charge,dispute_charge
Tell me about GBP exchange,foreign_exchange
Request checks for my joint,check_order
What’s the interest for checking?,interest_rates
Set my savings for direct deposit,direct_deposit
Show my joint total,balance
Enable direct deposit to my joint,direct_deposit
Verify savings account info,account_verification
Check details of business business account,business_account_inquiry
Check my credit score,credit_score_check
Flag fraudulent joint activity,fraud_report
Get a checkbook for joint,check_order
Restrict my visa card,block_card
Create a phone recurring payment,recurring_payment
Tell me about visa rewards,card_rewards
Cancel my lost credit,block_card
Set overdraft for personal,overdraft_protection
Notify me about savings balance,account_balance_alert
Set mastercard travel notice,travel_notification
Initiate a wire transfer from business,wire_transfer
Show my checking total,balance
Move one hundred dollars to my business account,transfer
List the joint fees,fee_inquiry
Transfer fifty dollars to my savings,transfer
Make a debit payment,payment
Flag a savings charge error,dispute_charge
Authenticate my checking,account_verification
Update my visa PIN code,pin_reset
Move $50 to my checking account,transfer
Include a co-owner for savings,joint_account
List my checking account activity,transaction_history
Get my credit score information,credit_score_check
Enable visa block alerts,card_block_notification
Enable mastercard block alerts,card_block_notification
Make my visa active,card_activation
Provide personal mortgage details,mortgage_inquiry
Verify my savings balance,balance
Inquire about a home mortgage,mortgage_inquiry
Send payment for electricity,bill_payment
Alert me about credit block status,card_block_notification
Initiate a wire transfer from savings,wire_transfer
Confirm my visa expiration,card_expiration
Issue checks for checking,check_order
Extract one hundred dollars via ATM for business,atm_withdrawal
Give me my business status,balance
Issue a replacement debit,replace_card
List my debit rewards earnings,card_rewards
Move $100 to my checking account,transfer
Settle my credit payment,payment
Set up savings app banking,mobile_banking
Process my credit monthly payment,payment
Review my personal transaction log,transaction_history
List ATM branch details,branch_locator
Withdraw fifty dollars from ATM for personal,atm_withdrawal
Establish a checking account,open_account
What are my recent checking charges?,transaction_history
Set up a recurring payment for internet,recurring_payment
Issue checking tax forms,tax_document_request
Question a joint transaction,dispute_charge
Track checking balance with alerts,account_balance_alert
I need a new mastercard card,replace_card
Update my email for the account,update_info
Establish a business account,open_account
Stop payment for joint transaction,stop_payment
Stop my credit from being used,block_card
Begin a car loan process,loan_application
Establish utility recurring payment,recurring_payment
Track my letter delivery,letter_status
Issue checks for personal,check_order
Set business nickname,account_nickname
Disable my stolen visa,block_card
Access my checking via app,mobile_banking
Pull one hundred dollars from business at ATM,atm_withdrawal
Change my email contact info,update_info
Issue savings tax forms,tax_document_request
Establish a checking savings target,savings_goal
Give me branch branch information,branch_locator
Close out my personal banking,close_account
Provide checking tax statements,tax_document_request
Add a savings goal to my joint,savings_goal
Check joint account fees,fee_inquiry
Authenticate my checking,account_verification
Establish a savings savings target,savings_goal
Share personal interest info,interest_rates
Start a savings goal on savings,savings_goal
Enable my mastercard card,card_activation
Resolve my billing issue,customer_support
Enable my debit card,card_activation
Protect my checking with overdraft,overdraft_protection
Set a new debit PIN,pin_reset
Cover my phone charges,bill_payment
Inform me when mastercard is restricted,card_block_notification
Submit a business loan request,loan_application
Add a travel alert for my visa,travel_notification
Expand my visa credit,credit_limit_increase
Order checks for my savings,check_order
Activate checking mobile access,mobile_banking
Cancel a business transaction,stop_payment
Initiate a new joint account,open_account
See my business purchase history,transaction_history
Get $100 from ATM using savings,atm_withdrawal
Get a business loan,loan_application
Provide EUR forex rates,foreign_exchange
Explain checking business account features,business_account_inquiry
Secure my mastercard due to theft,block_card
Provide checking investment details,investment_options
Resolve my transaction issue,customer_support
Order new business checkbook,check_order
Begin a personal loan process,loan_application
Notify travel plans for mastercard,travel_notification
Reset my visa PIN,pin_reset
Convert GBP to dollars,foreign_exchange
Add a savings goal to my checking,savings_goal
Update my address details,update_info
Email personal tax records,tax_document_request
Send $200 to sister,transfer
Set a savings goal for my personal,savings_goal
Get cash of $100 from personal ATM,atm_withdrawal
Transfer $50 to my savings,transfer
Provide savings business account info,business_account_inquiry
Help me with my transaction,customer_support
Activate joint mobile access,mobile_banking
Provide checks for joint,check_order
Set credit travel notice,travel_notification
Start using my debit,card_activation
Check checking interest rates,interest_rates
Start a car loan application,loan_application
Activate direct deposit on savings,direct_deposit
Get a business loan,loan_application
Set up personal savings objective,savings_goal
Set up a recurring payment for utility,recurring_payment
Transfer $100 to my business,transfer
Check my mastercard expiration date,card_expiration
Flag a personal charge error,dispute_charge
Set up business mobile banking,mobile_banking
Process my credit monthly payment,payment
Show my debit rewards balance,card_rewards
Establish a savings savings target,savings_goal
Enable overdraft for my business,overdraft_protection
Set my savings for direct deposit,direct_deposit
Give my savings a nickname,account_nickname
Get credit expiration status,card_expiration
Set a new credit PIN,pin_reset
Replace my lost debit,replace_card
Show savings transfer boundaries,account_transfer_limits
Transfer $50 to my personal,transfer
Start direct deposit to checking,direct_deposit
List the personal fees,fee_inquiry
Set internet payment to recur,recurring_payment
Set up a wire from personal,wire_transfer
Notify me about personal balance,account_balance_alert
Check checking interest rates,interest_rates
Clear my visa balance,payment
Set up a personal account,open_account
Tell me about credit rewards,card_rewards
Provide a new debit,replace_card
Request checks for my personal,check_order
Verify visa expiration details,card_expiration
Confirm my personal setup,account_verification
What are the checking interest rates?,interest_rates
Activate my debit for use,card_activation
Pay my credit bill,payment
Create a new visa PIN,pin_reset
What fees apply to personal?,fee_inquiry
Give me JPY forex info,foreign_exchange
Activate my visa for use,card_activation
Send my joint statement,account_statement
Add a nickname to my joint,account_nickname
Reset my debit PIN,pin_reset
Stop transactions on my checking,account_freeze
Show me bank branch locations,branch_locator
Issue checks for savings,check_order
Shut down my checking,close_account
List my joint account activity,transaction_history
What are the business fees?,fee_inquiry
Cancel my personal account,close_account
Transfer $50 via wire to friend,wire_transfer
Help me with my transaction,customer_support
Tell me my current credit score,credit_score_check
Verify my joint balance,balance
List personal investment products,investment_options
Check my business funds,balance
Explain joint business account features,business_account_inquiry
Pull $200 from personal at ATM,atm_withdrawal
Stop a payment on my checking,stop_payment
Open an account for personal,open_account
Set up a joint account,open_account
Set internet payment to recur,recurring_payment
Tell me about personal charges,fee_inquiry
Lock my credit immediately,block_card
Turn on checking overdraft,overdraft_protection
Add a savings goal to my business,savings_goal
Check my personal status,account_verification
Turn on joint overdraft,overdraft_protection
Set a credit block notification,card_block_notification
Register for joint mobile app,mobile_banking
What’s the JPY conversion rate?,foreign_exchange
Order checks for my business,check_order
Restrict my checking account,account_freeze
Provide a new visa,replace_card
Transfer fifty dollars to my business,transfer
Raise my visa credit limit,credit_limit_increase
Activate overdraft on business,overdraft_protection
Stop payment for savings transaction,stop_payment
Up my credit credit ceiling,credit_limit_increase
Extend my mastercard credit allowance,credit_limit_increase
Check details of checking business account,business_account_inquiry
What’s the expiry of my mastercard?,card_expiration
Ensure my checking is active,account_verification
Increase my visa limit,credit_limit_increase
Deposit one hundred dollars to contact’s account,transfer
Create a personal balance notification,account_balance_alert
Stop a check on my personal,stop_payment
Get my credit score information,credit_score_check
Create a joint checking profile,joint_account
Tell me about car mortgage options,mortgage_inquiry
Create a phone recurring payment,recurring_payment
Share savings interest info,interest_rates
Start a savings goal on personal,savings_goal
Tell me about joint transfer caps,account_transfer_limits
Verify my letter processing,letter_status
Modify my email information,update_info
What fees apply to business?,fee_inquiry
Show personal business account details,business_account_inquiry
Add a joint owner to my joint,joint_account
Assign a nickname to savings,account_nickname
Dispute a joint fee,dispute_charge
Confirm my letter’s progress,letter_status
Set a nickname for my joint,account_nickname
Open a new joint account,open_account
Reset PIN for my credit,pin_reset
Tell me about my checking business profile,business_account_inquiry
Stop a check on my checking,stop_payment
Lock my debit immediately,block_card
Verify mastercard expiration details,card_expiration
Boost my credit spending limit,credit_limit_increase
Restrict my mastercard card,block_card
Adjust my mailing address records,update_info
Get credit expiration status,card_expiration
Cancel my savings account,close_account
Request tax documents for savings,tax_document_request
Move $200 to my business account,transfer
Verify my debit rewards status,card_rewards
Wire $100 from savings,wire_transfer
Ensure my business is active,account_verification
Track credit block status,card_block_notification
Locate a ATM branch,branch_locator
What’s the USD conversion rate?,foreign_exchange
Terminate my personal profile,close_account
Enable my visa card,card_activation
Start a personal loan application,loan_application
Show business transfer boundaries,account_transfer_limits
Open an account for savings,open_account
Start using my debit,card_activation
Turn on business overdraft,overdraft_protection
Ensure my personal is active,account_verification
Show savings investment plans,investment_options
Add direct deposit for checking,direct_deposit
Provide personal investment details,investment_options
Send my business statement,account_statement
Provide a new mastercard,replace_card
Establish phone recurring payment,recurring_payment
Set a nickname for my personal,account_nickname
What are JPY rates today?,foreign_exchange
Get a home loan,loan_application
Display my recent checking transfers,transaction_history
List joint transfer constraints,account_transfer_limits
Extend my visa credit allowance,credit_limit_increase
Enable direct deposit to my personal,direct_deposit
Start a savings goal on business,savings_goal
Change my mastercard PIN,pin_reset
Assign a nickname to personal,account_nickname
Transfer one hundred dollars to my business,transfer
Suspend my personal account,account_freeze
Pay off my debit dues,payment
Review my credit score status,credit_score_check
Check personal mortgage availability,mortgage_inquiry
Alert for business suspicious activity,fraud_report
Enable personal mobile services,mobile_banking
Request a personal loan,loan_application
Extend my credit credit allowance,credit_limit_increase
Enable direct deposit to my joint,direct_deposit
Enable personal online banking,mobile_banking
Prevent a savings payment,stop_payment
Enable recurring phone payments,recurring_payment
Enable mastercard block alerts,card_block_notification
Adjust my mailing address records,update_info
Help me with my login,customer_support
Set a new mastercard PIN,pin_reset
Provide checking tax statements,tax_document_request
Tell me my current credit score,credit_score_check
Make a visa payment,payment
Pay my visa bill,payment
Link personal to direct deposit,direct_deposit
Where is the nearest local bank branch?,branch_locator
Change my credit PIN,pin_reset
Verify business account info,account_verification
Tell me about car mortgage options,mortgage_inquiry
Process a joint wire transfer,wire_transfer
Show me ATM branch locations,branch_locator
What’s the interest for checking?,interest_rates
List my credit rewards earnings,card_rewards
Send me a new mastercard,replace_card
Set mastercard travel notice,travel_notification
Process my visa monthly payment,payment
Send my joint tax forms,tax_document_request
Start a home loan application,loan_application
Wire $100 to brother,transfer
Adjust my contact records,update_info
Update on my letter request,letter_status
I need assistance with my login,customer_support
Get cash of $50 from business ATM,atm_withdrawal
Start a savings goal on business,savings_goal
Shut down my joint,close_account
Get tax documents for my joint,tax_document_request
Tell me about checking transfer caps,account_transfer_limits
Get my credit score information,credit_score_check
Share savings transfer limit info,account_transfer_limits
Update business with a nickname,account_nickname
Reset PIN for my visa,pin_reset
Make a visa payment,payment
What are USD rates today?,foreign_exchange
Download joint tax documents,tax_document_request
List savings investment products,investment_options
Check USD exchange rates,foreign_exchange
Cancel a pending business payment,stop_payment
What’s the interest for business?,interest_rates
Set up business overdraft protection,overdraft_protection
Update my contact for the account,update_info
Notify travel plans for mastercard,travel_notification
Send fifty dollars JPY overseas,transfer
Send $100 to sister,transfer
Modify joint account name,account_nickname
Provide personal tax statements,tax_document_request
Link a joint owner to personal,joint_account
Begin a home loan process,loan_application
Check personal mortgage availability,mortgage_inquiry
Pay off my mastercard dues,payment
Provide credit expiry date,card_expiration
Open a new business account,open_account
Provide joint fee details,fee_inquiry
Verify my business balance,balance
Enable direct deposit to my savings,direct_deposit
Move one hundred dollars to my checking account,transfer
Tell me about joint charges,fee_inquiry
Disable my stolen visa,block_card
Check details of joint business account,business_account_inquiry
Check JPY exchange rates,foreign_exchange
Create a new credit PIN,pin_reset
Restrict my credit card,block_card
Stop transactions on my savings,account_freeze
Expand my debit credit,credit_limit_increase
Set a travel notification for my debit,travel_notification
Assist with my card concern,customer_support
Report fraud on my joint,fraud_report
Tell me about business mortgage options,mortgage_inquiry
Create a checking profile,open_account
Show me local bank branch locations,branch_locator
Show my credit rewards balance,card_rewards
Clear my phone dues,bill_payment
Make a utility payment,bill_payment
Check my credit rewards,card_rewards
Check my letter status,letter_status
Set a mastercard block notification,card_block_notification
Disable my stolen debit,block_card
Freeze my mastercard now,block_card
Get a business loan,loan_application
Check business mortgage availability,mortgage_inquiry
What are my mastercard reward points?,card_rewards
Cover my mastercard charges,payment
List my debit rewards earnings,card_rewards
Locate a branch branch,branch_locator
Request a home loan,loan_application
What are the personal fees?,fee_inquiry
Link a joint owner to joint,joint_account
Check my visa rewards,card_rewards
Notify about a joint fraud,fraud_report
Pay off my mastercard dues,payment
Up my credit credit ceiling,credit_limit_increase
Order new business checkbook,check_order
Expand my credit credit,credit_limit_increase
Verify business account info,account_verification
Send my savings tax forms,tax_document_request
Provide my checking account statement,account_statement
See my letter status details,letter_status
Schedule recurring electricity payments,recurring_payment
What are my visa reward points?,card_rewards
Inform about travel for credit,travel_notification
Cancel my checking account,close_account
Track mastercard block status,card_block_notification
Turn on checking overdraft,overdraft_protection
Set up savings balance monitoring,account_balance_alert
Check my credit score,credit_score_check
Register travel for my debit,travel_notification
List the personal fees,fee_inquiry
Email business tax records,tax_document_request
Deposit fifty dollars to sister’s account,transfer
Provide joint tax statements,tax_document_request
Get a checkbook for joint,check_order
Inquire about a personal mortgage,mortgage_inquiry
Show savings investment plans,investment_options
Process my visa monthly payment,payment
Update my visa PIN code,pin_reset
Confirm my mastercard expiration,card_expiration
Process a joint wire transfer,wire_transfer
Tell me about USD exchange,foreign_exchange
Create a business balance notification,account_balance_alert
Track my letter delivery,letter_status
Tell me about credit rewards,card_rewards
Pay off my utility,bill_payment
How much money is in my personal?,balance
Request a car loan,loan_application
Stop transactions on my savings,account_freeze
Share personal tax paperwork,tax_document_request
Provide my business account statement,account_statement
Set a balance alert for checking,account_balance_alert
What are my mastercard reward points?,card_rewards
Create a joint savings plan,savings_goal
Process a utility bill payment,bill_payment
Add a travel alert for my credit,travel_notification
Stop a check on my business,stop_payment
Tell me about checking investments,investment_options
Report a joint unauthorized charge,fraud_report
Suspend my checking account,account_freeze
Tell me when my mastercard expires,card_expiration
Put a hold on my savings,account_freeze
See my letter status details,letter_status
Start a personal account,open_account
How much money is in my joint?,balance
Set a new mastercard PIN,pin_reset
Start a car loan application,loan_application
Send me a new visa,replace_card
List business investment products,investment_options
Send my personal statement,account_statement
Increase my credit limit,credit_limit_increase
Check my credit expiration date,card_expiration
Verify savings account info,account_verification
Transfer $100 via wire to sister,wire_transfer
Get new checks for joint,check_order
Update debit with travel plans,travel_notification
Set up a personal account,open_account
What’s the EUR conversion rate?,foreign_exchange
Report a fraudulent checking charge,fraud_report
Boost my credit spending limit,credit_limit_increase
Transfer one hundred dollars to my checking,transfer
Send my personal tax forms,tax_document_request
Withdraw $50 at ATM for personal,atm_withdrawal
Show joint transfer boundaries,account_transfer_limits
How much money is in my checking?,balance
Share business interest info,interest_rates
Where is the nearest ATM branch?,branch_locator
Show my credit score report,credit_score_check
Help me with my login,customer_support
Settle my visa payment,payment
Locate a ATM branch,branch_locator
Tell me about joint charges,fee_inquiry
Enable recurring electricity payments,recurring_payment
Provide a new credit,replace_card
Reset PIN for my mastercard,pin_reset
Add a travel alert for my mastercard,travel_notification
Share checking investment info,investment_options
Enable checking balance alerts,account_balance_alert
Establish internet recurring payment,recurring_payment
Help me with my account,customer_support
Get my visa rewards information,card_rewards
Include a co-owner for checking,joint_account
Give my business a nickname,account_nickname
Provide my credit score details,credit_score_check
Show my credit score report,credit_score_check
Issue savings tax forms,tax_document_request
Notify me if my credit is blocked,card_block_notification
Freeze my debit now,block_card
Enable mastercard block alerts,card_block_notification
Give my joint a nickname,account_nickname
Update mastercard with travel plans,travel_notification
Flag a business charge error,dispute_charge
Begin a checking banking account,open_account
Extract one hundred dollars via ATM for personal,atm_withdrawal
Notify me about checking balance,account_balance_alert
Tell me about savings investments,investment_options
Start using my debit,card_activation
Provide GBP forex rates,foreign_exchange
Set up a joint account,open_account
Enable my debit card,card_activation
Validate my checking profile,account_verification
Contest a business charge,dispute_charge
Aid with my transaction error,customer_support
Issue joint tax forms,tax_document_request
Send me business checks,check_order
Stop transactions on my savings,account_freeze
Tell me about checking transfer caps,account_transfer_limits
Monitor visa for block alerts,card_block_notification
Find a bank branch near me,branch_locator
Stop a payment on my business,stop_payment
Create a personal profile,open_account
Set up business savings objective,savings_goal
Provide joint fee details,fee_inquiry
Enable personal balance alerts,account_balance_alert
Set overdraft for checking,overdraft_protection
Cover my credit charges,payment
Renew my debit card,replace_card
Provide personal business account info,business_account_inquiry
Check details of joint business account,business_account_inquiry
Pull one hundred dollars from business at ATM,atm_withdrawal
Enable visa block alerts,card_block_notification
Link checking to direct deposit,direct_deposit
Alert me about mastercard block status,card_block_notification
Lock my personal temporarily,account_freeze
Order a replacement debit,replace_card
Send me savings checks,check_order
Request checks for my business,check_order
Get cash of $200 from business ATM,atm_withdrawal
Settle my utility payment,bill_payment
Enable savings online banking,mobile_banking
Freeze my checking account,account_freeze
Provide savings rate details,interest_rates
Check if my letter was sent,letter_status
Settle my phone payment,bill_payment
Get new checks for joint,check_order
What’s the interest for checking?,interest_rates
Verify my personal balance,balance
Create a joint personal profile,joint_account
Cover my debit charges,payment
Transfer fifty dollars via wire to sister,wire_transfer
What’s the balance for my checking?,balance
Register for savings mobile app,mobile_banking
Freeze my joint account,account_freeze
Get info on personal mortgage,mortgage_inquiry
Start a savings goal on savings,savings_goal
Provide business fee details,fee_inquiry
ATM withdrawal of fifty dollars from personal,atm_withdrawal
Appeal a personal billing issue,dispute_charge
Add a joint owner to my checking,joint_account
Activate savings mobile access,mobile_banking
Inquire about my personal business account,business_account_inquiry
Check car mortgage availability,mortgage_inquiry
Provide credit expiry date,card_expiration
Explain business transfer rules,account_transfer_limits
Update my mastercard PIN code,pin_reset
Deposit $100 to brother’s account,transfer
Verify joint account info,account_verification
Share my checking transaction statement,account_statement
Check personal interest rates,interest_rates
Access my personal via app,mobile_banking
Tell me about branch branch addresses,branch_locator
Get info on business mortgage,mortgage_inquiry
Get info on personal mortgage,mortgage_inquiry
Inform about travel for mastercard,travel_notification
Start a savings goal on savings,savings_goal
Add a joint owner to my business,joint_account
Share personal investment info,investment_options
Check personal interest rates,interest_rates
Create a internet recurring payment,recurring_payment
Update my phone number for the account,update_info
Set a travel notification for my mastercard,travel_notification
Check my credit score,credit_score_check
Halt a payment from my personal,stop_payment
Change my mailing address contact info,update_info
Add a savings goal to my business,savings_goal
Dispute a savings fee,dispute_charge
Pause my savings activity,account_freeze
Set up a recurring payment for electricity,recurring_payment
End my checking account,close_account
Set savings as joint account,joint_account
Pay my phone bill,bill_payment
Enable my visa card,card_activation
Change my email contact info,update_info
Set a savings goal for my joint,savings_goal
Settle my mastercard payment,payment
Send my personal statement,account_statement
Change savings account nickname,account_nickname
Provide checking fee details,fee_inquiry
Pay off my utility,bill_payment
Show me branch branch locations,branch_locator
Guide me with my account problem,customer_support
I need a new credit card,replace_card
Establish a joint savings,joint_account
Explain business business account features,business_account_inquiry
Notify me about business balance,account_balance_alert
Protect my joint with overdraft,overdraft_protection
Add overdraft to my savings,overdraft_protection
List local bank branch details,branch_locator
Extend my visa credit allowance,credit_limit_increase
Lock my credit immediately,block_card
Share savings fee information,fee_inquiry
Send my personal tax forms,tax_document_request
Add a joint owner to my joint,joint_account
Send me a new debit,replace_card
Stop transactions on my savings,account_freeze
Give me bank branch information,branch_locator
Tell me about branch branch addresses,branch_locator
Review my credit score status,credit_score_check
Set up a joint business account,joint_account
Set overdraft for savings,overdraft_protection
Set credit travel notice,travel_notification
Protect my joint with overdraft,overdraft_protection
Tell me about savings transfer caps,account_transfer_limits
Shut down my checking,close_account
Provide joint tax statements,tax_document_request
Define a checking savings goal,savings_goal
Verify my credit score,credit_score_check
How much money is in my personal?,balance
Establish a joint savings,joint_account
Establish a joint joint,joint_account
Update visa with travel plans,travel_notification
Send wire transfer from joint,wire_transfer
Set up my new mastercard,card_activation
Shut down my personal,close_account
Email savings tax records,tax_document_request
Initialize my credit card,card_activation
Check my credit score,credit_score_check
Register for personal mobile app,mobile_banking
Revise my mailing address details,update_info
View my checking statement,account_statement
Explain business investment opportunities,investment_options
Modify savings account name,account_nickname
Show personal business account details,business_account_inquiry
Enable business mobile services,mobile_banking
Stop a check on my personal,stop_payment
Register for savings mobile app,mobile_banking
Review my personal transaction log,transaction_history
Secure my checking with a freeze,account_freeze
Alert me about credit block status,card_block_notification
Report an incorrect personal charge,dispute_charge
Execute a business wire transfer,wire_transfer
Report an incorrect business charge,dispute_charge
What fees apply to joint?,fee_inquiry
Request a checking statement,account_statement
Tell me about personal investments,investment_options
Block my mastercard card,block_card
Make my visa active,card_activation
Settle my utility payment,bill_payment
Check checking account fees,fee_inquiry
Activate recurring internet payment,recurring_payment
Track personal balance with alerts,account_balance_alert
Deactivate my business account,close_account
Request checks for my business,check_order
Activate overdraft on savings,overdraft_protection
Alert for joint suspicious activity,fraud_report
Share checking transfer limit info,account_transfer_limits
Appeal a joint billing issue,dispute_charge
Issue savings tax forms,tax_document_request